x1,x2,x3,y
0.593899699117696,0.148535365621091,0.0802389943348675,0.579721643303622
-0.590621738250501,0.829894952901953,-0.707658961291519,-0.0977554632372015
1.34450375274098,1.33936394576433,-0.148789685975092,0.343443061969673
-0.678983043065777,-1.66240787637245,0.958527919266504,1.53324634085672
-0.702675584165728,-0.597522332928203,0.400507195612396,-1.7966811123938
-0.660496740886692,-2.68218282060892,0.327692212246696,1.48412092752803
0.115101527823457,0.345210971950293,0.529750458593857,1.17030535454471
-0.187079244441309,0.471992652628302,1.18974463891988,2.01987664212153
-0.337506031303168,-1.57760879474469,0.444473732004397,3.87718177430683
0.100534086719341,0.900623687389243,-0.313836975891121,-2.1074344768179
0.654004333539108,0.241573053042938,0.0784642026836119,-0.843004170027443
-0.55625907950657,-0.963421476069367,-1.70216255980758,0.944990841262921
-0.240800752030768,-1.63909640975929,-0.498054241152874,-1.01281375948549
1.12640116799228,0.331709648746323,0.955890576493553,4.94386093844026
-0.417839713061243,-0.245228785667407,-0.512852877895719,-2.98141693037881
-0.534066148625956,0.14690327935024,-0.208008658288262,-2.73817700064785
-0.147658994408373,-0.126426840693105,-1.43031857935823,-4.78457784386478
2.04120589227789,1.20422011459417,-0.991814703591933,3.67647890891878
-0.672267233523991,-1.73650676632127,-1.48859689703636,4.53467544516377
-0.631082284983377,-0.515413103295181,0.18232650868264,-1.96166914937907
0.051224105592744,-0.00396029328676016,-0.430690405024504,-4.91192799513873
-0.274827219117742,0.206558891706011,-0.953055134327964,1.5666044760894
0.632125104322788,-0.388300351297787,0.512314831435715,-2.26248196722271
0.947564924038803,0.0452666922833044,0.710422469052091,2.38520430922924
-0.743691304007422,1.96044609840527,-0.439167929076112,-2.2125607323662
-0.370286363988822,-0.191302931083439,0.483123289983271,-0.356411543658735
-1.02368205076811,0.609491606179347,2.10484200563447,-0.301060914558255
-1.02935862468498,0.653566898637135,1.39738635534593,1.6314582108573
-1.2028785894887,0.0188852611048773,-0.617994365826633,-1.91448859551128
0.720555562872171,0.952989898853188,2.21383739205189,8.34126933496226
1.12482985434134,-0.662178752344168,0.156220868006782,-2.14236108762489
-0.04022442005728,-0.586281422282825,-1.0918731977294,-0.113357593652087
-0.579051989913271,-1.2286815992612,-1.02636204591906,-0.542754787368799
-0.0865505938833801,-0.33580817715731,-0.252267394057951,1.59819393973193
0.616329233484344,-0.461659147847184,-0.0423323768570099,-2.38219322132799
0.461289935079446,1.09312055931156,0.157574188754055,-2.73337238683756
-0.946136055412306,-0.372087962425861,-0.0645454287682433,1.66473947124914
-0.84197383545385,-0.029456219277281,0.746227318766637,-1.03466728594236
0.153950975034297,1.35110039478986,-1.22965520914002,-0.251670214158613
0.462508832142569,0.349141021111249,-1.29284561118523,-1.01317281981412
-1.38513683783721,1.74515255031287,0.61378519737951,1.11127428089916
-1.33911603363767,0.12872685628779,0.972430574421324,0.534320275302602
1.08421740206087,0.335133964009639,-0.674312073597703,-0.336844043292885
0.52076125216561,0.235796460016721,-0.12973458803934,-2.9601552992733
0.0528777074297802,-0.82817256681816,1.00804775539965,2.59365541179589
-0.767128674723098,0.706347182465708,-1.12034133714226,-0.873056216515557
-0.145994406452047,-0.861561596439136,-0.0737911090707752,-0.0845164978878072
-0.318042801587373,-0.93044534324225,0.00684135096963089,3.5162193727866
1.01095330539385,1.58012101057033,-1.56452445777403,5.04461306044048
0.424456845156716,-0.633836508686729,-0.544704916571895,0.516402993977171
-0.252403682972527,-0.308088726306295,0.775693418270047,1.54311243934574
-0.337734862467474,-0.964671277101181,-1.13682725008559,4.02240485451716
0.40012767834432,1.20609102763083,0.892557825083973,3.33094532492092
-1.23104032357718,-0.636294308064011,1.13751992281866,0.471487792452986
-0.472326028907108,0.0981738152626894,-1.60688432760649,-5.07612148931112
-0.572974733382941,1.27298013309054,-0.227900587522723,-1.06322860225239
-1.93337341168858,-1.03315647027339,0.816838303748706,3.7682238297164
-0.166461956321238,-0.751843746350986,0.198701758705844,-0.541264829932535
0.054427543016614,0.384551976175476,0.65101976690555,-0.17677839179109
2.12461273903363,0.673825768063039,0.102335654432102,-0.155920101704183
1.50312890531248,-0.893613339092738,0.348023829986591,1.77890606549448
1.36283986159126,-0.815857483939635,-0.879216549326432,3.76595423754044
0.305874298191194,-0.945065110621645,0.0459518346403179,-0.78346494849806
-1.90860220728449,-0.23602591440994,0.636309213283367,2.4210629448301
-0.851848837471482,-0.156828483547214,0.278850617140552,-3.09289012973377
1.13945809489087,-0.752478896156195,0.290991014337241,0.989936451494133
-0.329363353615958,0.750621916589498,-1.06988139393555,-1.53563544407128
1.51610968708608,-0.254501468398005,0.752088387600985,1.65582811763178
-0.711932455516893,1.60696453918328,0.268674249792664,0.618391741840796
1.98331511695451,-1.81418041776347,0.731569649393844,5.00960499231879
1.72060391110534,0.486308605124104,0.344128374803649,-1.42335982324367
-0.651791477579318,-0.60679966740267,-0.847696069999132,-0.574424645065581
-2.14881652319311,-0.65798499178081,0.209288429959855,0.801892235575843
0.13361658412162,0.986983972751159,-1.18503110557279,2.62566854589695
-0.585849272232912,-2.06557831483747,0.139494864110318,-1.04360106749934
-0.223176037995278,-0.326978177560156,0.435039763768479,-1.26354408557149
0.613637475495276,1.59516270741729,0.417573118543267,2.80014531115186
0.0736206100850232,-0.298617451207157,0.152695620962851,-4.20661930604267
0.321637694722952,1.36823740652877,-1.63727568611558,2.29442039287851
-0.192202943892522,-0.598435160682934,-0.668987757906746,-2.39956265691218
1.4613271931325,-0.164680023121866,-0.886133565469289,1.69472608655287
0.235182690450617,0.294794486975989,-1.83725208826282,-2.70426101096899
1.06253937321252,-0.533148311454708,-0.617712330655508,0.773640945946696
-0.162122803699438,-1.56159327088913,0.564570110709628,-3.5303002200135
0.508103022457435,0.047200018798854,1.57230894778072,1.32487796161571
-0.28449577270018,-0.503046698854684,-1.36783849908177,2.84110545551232
-1.67789865978033,1.40994609526408,-0.561696122077144,3.60318082095109
-0.652354993440756,-1.43443035693352,0.0221814899734462,-1.03655085822265
-0.507835897888748,-0.183419366077404,0.515095281341375,1.60012174382589
-0.0885576735571146,0.948932916240117,-0.810694992758021,-3.2154165176368
-0.527091771531324,-0.549236787265075,0.31033594597924,-1.47175453452945
0.503197125102563,-1.09594392371644,-0.925721346259169,-0.877272751845826
1.01736155679462,1.78092977088129,1.00658547197242,5.0331224743211
0.33083615510079,0.805498659807369,1.18587940140012,1.01166264399109
0.395301089002731,0.0908672776290648,1.02365734612843,-0.853622418560305
0.821421398398062,1.34827201417157,-1.29982088778234,2.06304453201024
0.0187021999397465,0.283080990452616,0.0242805729943507,-7.98931177407893
0.624245703241112,0.916534692626781,1.52723640965955,4.7535695016595
0.997510222029199,-1.89873577225156,-0.642122794641642,4.78729442283686
0.857744862518326,1.37763817455756,-0.185087876216166,1.04448600674055
-0.192644604991335,-1.00079817641247,0.265301748767148,-0.140174046855172
-0.257170425673965,-1.43870049906696,-0.728122433000018,-3.84708222121066
-0.524261232218141,0.587890721963019,0.287229875785429,1.07074586084032
0.705049797859852,-0.668146465564699,0.462866403097021,-1.05219294688178
1.07873829524672,0.622420324449499,-0.00353671364619976,-4.14270635726353
-0.157149863057711,0.0331929779062039,-2.22588848186958,-1.54185398214669
0.00235895556290387,-0.0877708068023552,-0.967453346261584,-8.78681404407428
1.64269376433402,1.79542374226049,-0.760072693002419,2.5885874967232
0.259423779780477,1.46584220753336,0.0310018589651292,-2.2215581501842
1.14721728189296,-0.0370434652654839,-0.0672301731670197,-1.5826379394913
0.383234015892569,-2.02870306307729,-0.148814155637783,3.48453094283208
-0.522090835172178,0.678915791544824,-0.314679830672686,-2.08429494232428
-0.168133431433264,0.308458142217621,0.147204036764449,-2.22981451914116
-2.12133204159846,-1.01982702992316,1.52378486265362,5.42921181624963
-0.185912513944217,-0.0809574314325435,0.0313547148471794,-5.21541872257112
0.945807447509589,-0.287299402562406,-1.81567115946985,1.24809998308939
-0.618817582901448,-0.318304564426702,1.74979368239682,3.51294638360649
-0.0359118432460657,-0.95062160942334,0.437191550832512,-0.923617288509872
0.884364321783006,0.664179145133286,0.0956982369654586,-0.0718287168596284
0.949469869498984,-0.287110388739959,-0.643187568564359,2.06424966245508
-0.61092085991529,-0.759345800558759,2.1199816792999,0.512327248105331
-1.02999045271684,-1.82520859866065,-0.753867840402721,4.25352677397745
0.327539960510628,-1.85879830039144,0.869722163113552,2.5123391912187
0.493819102360325,-0.502629245892427,0.489894364080823,1.71518236796536
-0.789157056788107,0.503516191164547,0.0322979661756362,-1.82272573936283
0.199854221725799,0.0315432401397373,0.556049556978873,-7.08121225971844
-0.96041587660289,0.539133575489522,0.459026996829426,-2.16600626883774
0.294925556320215,-1.60978305413755,-1.44747575466113,5.75705150909495
0.619869278302838,-1.27947931711481,-0.128534726410654,-1.1602042886832
0.383431053700885,-1.27818895080699,0.652616851748165,-0.116674504988583
-0.93897334119038,0.3986844470093,0.0792348111576041,-4.07683798360487
-0.932075727655581,0.590346187373952,0.262738455144977,0.561865764834703
0.714842148752348,-0.352458376515258,-1.14762166254989,-0.827039603940768
1.55546936730472,-0.93886469860809,0.721969785053723,1.76513415695419
1.21135417359461,-0.0164554257142464,-0.370257222349863,-1.13417048183283
-1.36328024637496,0.0761404482465776,0.344544151392491,4.47833980140757
1.96144088747797,0.88439360165155,0.634261698921707,5.42636679587455
-0.51460369787637,-1.16109793042234,-1.28615278988565,2.36387094269603
1.47811137724195,-1.1177370901647,0.238679853919344,4.5597779130049
0.358521083176515,0.454714460423379,-0.829474844786241,1.29510529304692
-2.74055815841827,-0.37993273444355,0.720760873934828,-0.319990999416397
0.0564078218197743,-0.14875184467228,1.65243641150205,-0.107319413040555
-1.44691550704571,-1.76077195088104,1.52256885475755,4.04572046863432
-0.912740959636104,-1.23087443486025,-0.128579836289738,-1.39447596963609
-0.714101008683126,0.544012512872871,0.557839940531894,2.97912546719354
1.76883875288157,-0.906212760614542,-2.54387762170291,6.13290713135655
0.782915109753118,0.341751642398433,-1.06417844625221,0.926696886534986
-0.389200270154375,-0.755456404433247,-1.37587746976881,3.31013189965166
-1.55244057456366,0.581129826452265,1.04346972189381,1.97338536662419
-0.376998715086667,-1.57676531218114,-0.103213269626497,1.22137646940827
0.885965356390466,0.34971243568134,0.0287268127401555,-2.97420824038624
-0.780801675155019,-0.0221964454943084,0.77321192699992,-1.55510247470682
1.20602793803573,0.873871818427116,0.186456866624927,1.45352593093153
-1.32033498233698,-0.429743028918892,-1.60943589678821,3.56465807445539
-1.7422157126489,0.469781241480213,0.725638458175461,0.353874095881865
0.40404110854085,-0.0094874762647942,0.479038134728195,-3.18344274245371
0.855819661749666,-1.59463390310855,-0.272489319996598,5.11622334507362
2.28412721816385,1.25114775252449,-1.53438526266731,3.7751234288783
-0.334278274281969,0.300937279120817,1.89935265152914,0.810116338837449
0.490264941965492,1.38648764240549,-1.85965655190576,2.84137745200801
1.0553296358887,1.3851283183603,1.37766245533653,5.95098137580196
0.735163321400976,-0.19381562457076,-0.317078884554704,0.21935520620881
1.21583955960571,0.555867830690291,-0.436349889575228,1.76894208583774
-0.518562483721194,-0.308575935977512,-0.297321775178089,-1.5114890240313
-1.70310251875043,-0.179407009308456,-0.246965205284728,1.28225406582104
0.404732679945361,-2.12480997547592,0.331473843898029,-2.47171797001816
-1.55081512190208,0.875683568620614,-0.924772219210972,2.98311702654443
-1.69864874812898,-1.77824649272398,1.29930132588453,5.79636958504977
0.0325895932692154,-0.932073458630979,-1.64154173907027,-2.78442589934267
-0.584084841929368,2.01702470819731,-0.518786223136636,1.50478536416183
0.257974488116221,1.31396254080418,0.390137785715115,0.646445089273201
-0.681415875221385,0.0945237503022791,-1.32855119013456,4.57012131380147
0.506238945330333,0.928124840036358,0.060600932597583,-5.15160621248614
1.01428075330107,0.52232607807079,0.11399298947817,1.05748775050585
0.286312618195299,-1.9439439836177,0.417039601913683,3.86849048156356
0.468365850571848,0.896965786019397,0.589725578663786,-0.841846058956353
-0.670065137255185,1.48419363991423,0.24519190336378,1.3954573270781
-0.635442853236004,-1.0401620173111,-0.607114198981261,-1.15491450400235
-0.447015480684443,-0.611066850337983,1.3316183995838,0.0639826220513924
-0.264476516924542,-0.796355950910797,-0.0812737652064348,1.30291230467229
-1.32969429717662,-1.38980027224382,0.45630802446167,2.90868146848228
1.15996612772131,-1.00329063892887,-0.168632443328989,2.30332039154644
1.81583235612868,0.685811752049047,0.723962782785829,3.49412317404897
-0.717110128757217,1.13523946100466,0.863253660757298,2.70896487194324
0.570259613088028,0.917399737546413,2.71506041712682,8.04248970766417
0.381368524050785,-0.336164616818036,0.00583529384885141,-9.29630442844935
-1.59665391996381,-1.36083358662647,-1.76446445243328,9.37494775260754
-1.22938821281527,0.461942501657136,-1.10255302692318,2.15562023210644
-0.671066298120262,1.06737315318319,1.25744365760294,6.42207529186296
-1.82184616268837,-0.23878114796844,-0.289251972534661,-5.2297209749513
0.975940716576777,0.528878928990782,1.681385387525,3.3867824946829
0.0809077519586058,-0.519696196964618,-1.05477878547904,-1.64520630486073
0.873413192255899,-0.201928126336245,0.345880704103584,-1.28727690125679
-1.674497116112,0.550303465429012,-2.1704905789652,1.32253895730101
-0.00879545781881486,-2.17765005886602,-0.910805606429515,-5.13791258552103
0.858336422595309,-0.859379320473663,0.0884857233544061,1.68114964624849
0.420802875499989,-0.201189396867899,-0.241792626949602,-3.76383978268103
0.334704602903122,0.590547278969814,0.236504008636439,-1.15945644496041
-0.774963544997339,-0.576783122485293,-0.33837207220832,-2.05692956000199
0.243694197473079,-0.388341476474869,0.636274944626748,0.436612750597565
-0.391843910510427,-0.942407946459722,0.111036801810594,3.30039840827797
0.0713095126804385,-0.692980121286467,-1.39445909955743,2.06759501335369
1.00525498808259,-0.669209276960987,2.61693989830106,7.37374356417888
-1.73698602401651,1.77142460955048,1.87845141683648,15.6621108172264
0.478407333344013,-0.404161467474728,0.222896277312193,-1.03033927032413
-1.25992736342763,-0.504978714985998,2.30235536710554,4.24472061568016
-0.79539834363249,-0.216410524870591,0.593296566540032,-2.27845062697415
0.412659240633482,1.14970216938246,0.513855085194168,2.95032538289256
-0.70061819935532,0.154425271919507,-0.92648506258757,0.692430428211854
2.08852659164379,1.66931590005165,-0.134231343177839,2.83090479058647
1.71101866520746,-0.0356118752968563,1.28167789716004,1.86825721622814
-0.495323403619068,0.238970806412399,0.494351300949172,-0.220049536724358
-0.0364711367060304,1.07726466425068,1.52107674598328,1.68911292219603
-0.0938670331929118,-0.843198773414771,0.0714761674799305,-1.95528567391813
1.50020045370897,1.66944774131633,-1.10615915253249,3.26945937248852
1.14126664373397,1.02123414899663,1.03211061315792,1.09155908608828
-0.30484713126274,0.791076015661877,-1.1029231021632,0.848937521461816
-0.739348112328603,-1.11759575571067,0.806632226998262,0.3741168808185
-1.7831035971021,0.313590248688757,-0.500574779425359,-2.646527948442
1.09027598266585,-0.113113941915619,-0.278625376502645,-1.80714423570971
0.1034676495451,-0.933180926673992,-0.869576529830677,-1.51694467187111
0.811769031105043,-0.969916946494634,-0.107429797292625,0.41244765866232
-0.396658712845963,0.896726052400742,0.948823620691593,3.41228011612573
-0.67985920467121,-0.566221375204233,0.176063389260787,-2.09419751948892
0.635379350086507,1.21566628814563,-0.109981166962967,0.902250863852167
1.29553125461906,1.84613599893089,-0.238300578954509,0.748936144264827
-0.683364928372898,-0.887403340435924,-0.1695471721626,0.472294726611682
0.74119463820927,1.07030127454319,1.2967757282799,-1.35810646452923
1.158402491733,0.603342853034257,0.288558952674858,3.08289642213607
1.25694828152376,-0.42114592450625,-0.993337788480227,1.38567943964425
-0.337114175175534,1.27067609789314,-0.281984757935748,-1.50986765399917
-0.407666551034128,1.55262414912269,0.476682418596876,2.54684972049019
1.16897278732587,1.1230843167894,0.669964149391395,1.32738565742718
-0.144554799897609,-1.25446910278716,-0.223919445396114,-0.48499480012851
-0.721866636896893,0.543245696301767,0.143604341083192,-0.0600789557539914
-0.659238277847348,0.0473576762838778,-0.291099733291465,-1.25286509691628
0.971706512774586,-0.232628287347839,0.179914575714774,0.768279960109217
0.171196617921032,0.185451375576685,0.186290906662938,-2.94724819742681
-1.08817112816972,-0.749043413621815,-1.10554724234205,0.626683047384516
1.02580406663405,-0.230877070269918,-0.64508582171455,-3.34538639732641
-0.430294323134234,0.869344589183575,1.06676992189739,1.76226666634606
-0.501872812768746,-0.342845039229885,0.404666238712484,-1.71759068821256
0.546416875365101,0.76390019715324,-1.63590937666221,2.4651993325402
0.475886512015282,-0.64218614480238,1.18997908391576,-1.11073922828173
-1.51134033533704,-0.61331637941013,2.23577947215046,4.63338352246883
-0.461752753989782,1.28245257843134,-1.31640747608037,-2.87215880744804
-1.39793323847517,-0.192544037490167,-0.118818860659525,-1.11436932725729
-0.15252164861536,0.0179540539295414,-0.164967213569793,-2.00011698434241
0.168627900916766,-1.97488182759898,-0.333523583597226,0.211302606143808
-1.0608142387214,-2.87452469837412,0.171712357156207,5.21432039500178
1.0027942967312,1.73969186928973,1.30900281918772,3.59920800310043
-0.40180913466458,1.46829143174443,-1.01490647616011,3.45916793242478
1.05185962955871,0.610806745989585,-1.0757461345516,0.268009661255327
-0.297753033214141,0.899879039813105,0.323664936227269,1.89552098547351
-0.679322301470933,0.556650244379305,0.446721648227954,-1.1092971970654
0.648247395652116,1.52238928370464,3.11637362517067,48.581752626518
-0.939939812110982,-1.11329058019657,0.567101227897466,0.849115006443052
-2.06206849674242,-0.106798435297122,-0.488794541627845,2.11015999399242
0.354696543149535,0.0473265603015498,0.645860550721862,-2.50240932847223
1.81827137519997,-0.191336543154995,-0.710980373414981,2.139741610162
-0.845376139877571,0.718419986693887,-0.14497144320857,2.24174811030351
1.51296318950327,-0.275226893115584,-1.70353779065892,2.13188376738145
-1.07825301658998,-2.4851543719193,-0.333053906219124,2.21896264226101
-0.973245223026263,0.388681788237668,-0.424953353710444,0.244653649052496
-0.984196078634149,-1.7044317056557,-0.725614879809963,3.92767382021342
0.139723442773339,-1.21944017412376,0.277484300413277,0.197896514406664
0.887579745905545,0.0649144229684553,0.26619773590913,-0.114968204565845
0.157953607018378,-0.298574187935049,1.71944628000456,0.162416340282419
-0.606374623719181,-0.715308355973398,0.489916949328225,0.823510834075396
0.372198161162291,0.0288105468104077,-0.309151466933229,-5.69108669713979
0.407752778340234,-0.481784862500559,0.63810440392687,-0.359227612116833
0.373235831704023,-0.222938998181902,0.437485918738968,-1.66885898321887
1.10533040291109,0.805449372786601,-0.220375728782031,0.409959824249506
0.160838059482785,0.121369565232884,0.465348608222828,-0.530799725262163
0.26434347251889,0.221252076003777,-0.10782763284711,-2.22638694438458
0.952440262194327,1.81258911828982,-1.11274044229215,4.11006001215653
-1.30243286070765,-0.0768531454742947,0.831642627644304,3.3224614443793
-1.00941917394849,-0.449056007735782,-1.14634724343551,5.31198212253358
0.150297918633804,0.0449270976459407,0.259932413959721,-1.59626021297223
0.101025112010453,0.181290440857126,-0.513766111723873,-6.1121757174328
-1.09003170575643,-1.29419015425581,-0.273409768632731,0.185031094530189
0.905483879211726,0.129514052610414,-0.199320540892462,-2.30371034638944
-0.0700432052146253,-1.13464650173664,0.411118883095784,-2.94665043347527
0.558091539742645,-0.671510137831334,-1.4094992159884,3.00352642723797
0.0951830187407644,0.0741645328388121,-0.829663616972064,-2.64654307557502
1.02922174390381,-0.609683093326923,0.0886298537617355,0.876282811691353
-1.98331977047161,0.580158039569832,-0.254652033468611,0.347583381374142
1.00794319896865,1.17869031164404,-1.88263112337873,2.79113393513649
1.11564535250366,0.655747615416015,0.508804093422408,4.30764819418764
0.942960575052271,-0.00856060669654687,1.23436907535656,-1.27322791501058
0.0283042416716522,0.929072251925742,1.09414573453581,-1.26322038024033
0.250760716690847,-0.0805054361718285,1.26982687598692,0.189929843532485
0.18515077234592,0.855504866261729,-0.410887497269773,-3.18889637521352
0.62188021409276,1.14972102740257,-1.09929109640928,2.31758967919755
-0.989221592411026,0.0431674952904058,-0.4739079422609,-1.42163948741203
0.332341261007933,0.912754776166466,-0.548092139551735,-1.21091630165757
-0.293805687292384,1.2464787332234,0.201086438194066,0.838222343689102
-0.675251801066142,-0.0283818219084291,-0.724314908035261,0.584190317844061
0.240212708145518,-1.17815675504205,1.17173292859388,2.76466850606396
0.400026232078735,-0.865081086835587,-0.856600194502013,4.20654769603663
0.124646793232684,-1.95513219545767,0.693012591329924,2.23721003759421
-0.627157938641796,-1.5724949023256,0.102598980738169,-1.21983230920737
0.796637697474213,-0.720830700634203,-0.414928585631017,-2.94581280865923
-2.29880072697179,1.87578050051017,-0.432479535112308,3.66804078490571
1.08951125106149,0.122035432311318,1.11896906585798,1.64908338385656
-1.27671484252609,-1.14403338165126,-0.921600175636182,3.64128395865177
0.548117786376287,-0.938172633969159,0.169079671235647,-6.83818092345778
-0.309154123991897,0.467546923724987,2.00605008828438,1.1489510823884
0.337781947034557,0.0812484888945839,0.453659041725599,-2.6555840098226
-1.0284866463638,0.567611646495808,-1.23131374939638,-0.362121906560713
-0.645176169659665,0.882904633727772,-0.364647681044234,-0.897855858315093
-2.03031594062301,0.923475471758228,0.757579713123447,5.7778195319763
-0.952562219788807,0.281822579012109,-0.352224406513881,0.200340217510115
-1.13597251144574,-0.762929265943263,-0.114606045720357,-0.446277704913356
0.47118532136021,-1.27135230113869,-0.657928816679378,-1.34440290885801
-0.243731142804712,1.29268702660895,-0.519791274376414,1.41670135752497
-1.27772440135154,0.242552767084777,0.240093174181235,-1.05816339486479
-1.41468918155523,-0.987308262478821,-1.78500103417947,3.95766199462039
-1.79597441132398,-0.455076228085094,-0.226116664233406,2.852364764787
-2.04573765529418,0.382967394510833,0.835304062184151,2.16019447587107
0.746201230834629,0.649244734811175,0.867735304683006,3.15679911987109
-0.734661715173026,0.750383741445759,1.19081562837778,3.35553428994389
-0.245671982413806,-0.0640912790572303,-0.0739934749085592,-6.08199185052209
1.07380123171217,0.843200705023565,-2.01247078564668,7.35098963592018
0.709797136838196,0.55152159269079,-0.545482674743632,2.29660071287781
-1.41074151260953,0.631135655628694,0.318815402271041,-0.254722680499296
0.00644654979098165,-0.401696994088272,0.908950033246594,-3.62274091670202
-0.655981125808707,1.08859623936726,0.864168613989706,3.0654125212582
-0.529259231207812,-0.297645640989204,1.53924900484012,-0.315835285060636
-0.68902003834493,0.373253439471034,-0.278246294131762,-2.02160252457521
1.07195509812093,0.990011335294692,0.950789826433912,2.19615784886201
-1.06276116441371,-1.21706129408255,-0.655826440086086,-0.767160556583145
0.562585373620333,-0.193567844907253,1.14337496785973,2.61688151398656
-0.924595529139635,-0.612613291194549,0.860567865578111,2.82567481822271
-0.148045323284195,0.49291972568622,-0.962242369839004,-0.0993469064080141
-0.367932054981782,-0.10910209022524,-0.0286780180830744,-3.99724326723531
1.44673279106498,-0.582999031068372,-0.87778315550815,-0.986390439632292
-0.416732671007082,-0.719714450067095,-1.74576378707497,3.27929606164044
0.625694695835591,-0.0562820540523896,0.58998788141088,0.386915373688361
0.43842192156125,-1.69663402126921,-0.728922686854513,2.81658413284353
0.381726925939416,-0.454047788704357,-0.0722178129605867,-5.87333656550986
0.719545993531681,0.597241403056142,0.29514773713696,3.07042321003987
0.0826226288237208,-0.0413961810233637,-1.26076565363776,-8.25708515656705
0.871906214187246,-0.728856292099401,0.153111811406844,-0.791245683284588
-0.464954444142283,-1.00925670064573,-0.0272499201306092,-0.0931930902054319
0.592062877763771,2.40670556182982,-0.895750807131546,5.24562596881499
0.77622542514043,-1.30717620964151,0.926807409608337,5.7189951847003
-1.256970229365,0.242815397431495,0.886453353250324,-0.460586422006908
-1.03346319587011,-0.567317071665248,-0.848757963779219,1.26633850429642
0.837637367166352,-1.10221884007241,0.133769114673663,3.60649008285885
-0.7570705443748,0.211739158015343,0.659112964984974,0.645545281563393
0.215429101551972,-1.63798219643114,0.433783006725148,2.528552489007
0.177693700276409,-0.724831527672604,0.850744122671076,-1.74131081438355
2.18801253975114,0.534121364249192,-0.239337349801022,5.12240871605963
0.680841225175976,1.21500228468455,0.0340637257151049,0.139667321356812
-1.61128632811666,-0.129319819763778,-1.8414449158931,2.08727984604131
0.0306442226442095,-1.23393167992466,-1.47249043100096,4.19926758399925
0.230492198884215,-1.04667709739627,-1.33933321989041,-0.910595180751628
0.82389554444219,-1.00383367985939,0.766686083327528,1.06808322072062
0.471121667067711,-0.841936021597661,1.38108677549398,2.01742990826225
-0.231904224310827,-0.0860384352443773,0.548058129783021,-4.56532974045292
0.136564050573932,-0.354382277190552,1.323952673527,-5.52948750535867
-0.701399822608544,0.852941605589685,1.00320904305751,-0.113742592545822
0.702018653445017,0.725889480427424,-0.894609145498449,2.27334407079456
0.225570827693954,0.573334845511863,-0.295059527863273,-1.37800797301645
-1.38306072994725,-0.562168339730485,-1.13250554059533,0.891426705759186
-1.6997272908052,-0.0318243395307049,1.38381202040088,1.11016253386425
-0.0566475630415972,1.39915332660081,0.270998938323401,-2.45620357536437
-1.85743157523634,-0.328539540394032,-2.25162235688057,3.35529822495189
0.487781617192511,-1.31858402896307,0.06472311456488,-1.38546664598942
0.63152482085651,0.055376652747931,-1.46412062843523,-1.67575156435198
-1.07057301123907,1.05093527590825,-0.612174487909262,-0.581275294699677
-0.56666976464013,-0.995144084784584,0.944167581415909,6.00445094817314
0.569126334121112,-0.164092902246603,-0.409089227988664,-0.887722121214746
0.30911992180468,-0.102076893901787,1.22753260579107,0.071704507902854
0.68761524352956,0.549169814288056,0.175738231785875,-2.54684830014554
0.613258150987722,-0.411322803362818,0.504754165561402,2.30036408447152
-3.06442963738766,-1.4794679357855,1.12113893251227,2.37656192965441
1.43324757316684,0.00178364881315118,-0.938820788383481,-3.35051429801656
-1.84079217998633,1.35070820772628,-1.56511113329424,-0.765169020672353
-0.776661673245511,0.258671130502212,-0.981088438178277,0.00539268529211301
-0.423503879330031,0.126072784327549,-0.26337934109304,-5.38178677346245
0.533965519816437,0.285157988867467,-0.820615646315117,-2.18231500169681
-1.73097290893459,0.0964713709317637,1.32084513662266,0.563140334323061
-0.412770740204249,-1.58042261349643,-0.702797407499997,-1.32316673006026
-0.377243208698425,0.244497197810632,0.283643992973683,1.48094963526007
-0.141546429044791,0.112415184381212,-1.48578345063611,-1.05473000038622
0.530143265022198,-0.148041873829378,-0.322662263340196,-0.951058104303412
-0.76140875957611,0.491076320536917,0.184380937446623,-4.73838253431957
-0.482294880377788,0.245350556821578,0.97545619681981,3.09054833387673
-1.40051039189005,-0.973954783836686,0.0749576602905053,-1.1112144108738
-0.559395430594529,0.0100335525654771,1.34501582768143,-2.36842533980711
-2.17575865288277,0.473902541749543,0.15119522718912,0.796688197237471
-0.557131553457824,-1.73645033718878,-0.621318794315845,0.0590988576602083
-0.995997110068677,0.496898783293323,2.28064045112241,5.96147221470268
0.631667019496523,0.237539826406198,-1.16207405593652,-1.02647541646888
-1.47403816215062,1.4434172344548,1.18779186698508,7.72064770053228
0.151931757250203,-0.993847922441624,0.0745916717502133,-6.0348777154045
-0.910465267168823,0.243552427546994,-1.76548214352016,0.248420704890679
1.48263446082873,0.0690150642129507,-1.77575192724672,-0.897466871673773
-0.211871446458258,0.371386140531382,0.279528861900289,-0.679952363812
0.291450146172759,1.28173874406179,-0.0299385012224085,-1.76362843960731
1.18025157723821,-1.07997646569799,-0.0510333138569981,-1.12161923866208
0.572001818522973,-0.164344535623078,-0.211350811676318,-2.35259697281675
-0.62326060988636,-0.834818294506377,0.610343917097846,1.65671811387283
-1.62203559962859,0.350878977227683,0.326091873210942,-4.32632894114141
-0.320586046839931,-0.563582166475862,-0.212903758378438,-0.491343469450355
1.47958008815222,0.486363584114894,2.28859596630195,5.15571356301602
0.00325336654087133,-1.36366198388355,0.137455871744539,-6.41235297020219
-1.22896096944138,1.00161779516115,-1.29841337343176,1.76637103139891
-0.567901145513818,0.509623605990217,0.0716272739457264,-0.831358874926958
-0.900321238285012,2.64545523337124,0.191472113944113,-1.26556215287545
0.675945340298502,0.178677710899593,-1.00363951057009,-0.966300147303984
0.56370596813645,0.364538955532553,-0.0805899536727132,-3.86343552681172
0.2796011325621,-0.943361519377261,0.0438584464899217,0.0190321115885994
0.52733537272188,1.14137776215823,1.18705361739778,5.72291040944557
-2.29827920835002,-0.989807531912518,-0.72377781174192,2.47301615336805
-1.07796369287185,-0.218657391134652,-0.995397859186166,-1.15767948968205
-0.640482954075317,-0.616171132542126,1.7557678735695,2.82839724878024
-1.72255842738697,-0.222946704364307,-0.409084995255208,0.795564108520597
0.720909704488695,-0.0131764065075797,-0.333447059283407,-3.24991347110596
0.369377303641489,-1.21885835947169,1.45178950328184,0.665372538877719
1.05473023795157,0.861210662311121,0.0731144893862435,1.67228298444183
-0.743681798538493,-0.265435224503828,-0.502850246341997,0.49641540088669
-1.24576789285106,-0.544818685135379,0.69033254909353,-0.265534217219553
-0.188407574300164,1.29994381632612,0.0730431819362256,-1.37238834613769
-0.178004251859735,0.00209157246118159,0.795237419761444,-5.97644451497822
-0.284429216189184,0.605467835884602,0.416024225968227,-0.387724969466029
-0.211839796864264,0.111384148353259,-1.39380882327287,-3.96050256619875
-1.96842841760431,1.25660371673214,-1.61623138698555,5.50708257963283
0.89052958730956,-1.71124247307804,0.476136111206497,4.38741578638297
0.0779670270594319,2.17057003585252,-0.619565926531478,-1.90924389054379
-1.0664772701361,0.0269759421653594,-0.523905884399783,-2.33003816282073
1.32301612429,0.914071396175732,1.42203692529599,4.27641625938296
-0.138243358477311,1.866476757209,1.03458293651578,2.61764398558447
0.983875834323965,-0.373082728714679,2.7486420728466,1.75302883627584
0.677769598223442,1.27937776771482,-0.0828040244914083,-0.10569284619572
0.0473559949706132,1.70248081133848,0.169050193606728,-1.99303385218112
-0.508109715562107,0.391841879317035,0.754383743416825,2.35624738717632
-1.33565160463073,-1.12929691422115,0.848543961131719,3.08617682109321
2.12875630419009,0.440012080087246,-1.93628039687719,2.61639975591169
-2.50148209490153,0.673008560433141,-0.601281518531203,-1.05769361446118
-1.29459614573437,-0.88482437581497,0.506562957834813,0.894526060937075
0.295030868688535,-0.0153675684071874,0.271362916307098,-1.03351263071814
-0.606989004507201,0.136255877494003,0.326076848384026,1.75303027949782
-1.80802446232424,-0.293024363741902,-1.27339957827619,0.57794462325014
-1.47240815209118,-0.083872130043325,0.149826383889337,-3.15655833782417
0.665281935422476,1.7841275430331,0.365295416509844,-0.445941066584947
-0.431592179833605,2.0521077520549,-0.677688578979405,-1.26455278777826
0.883533771733541,-0.448106673691246,-2.90817299557512,-0.576967999537652
0.428769236766753,0.952283256004042,0.232145220605841,-1.66067982213905
0.609898236413294,-1.16070046640656,-0.59238342807261,0.945054798422913
1.00187976116032,1.56843575965234,0.269277943941959,-1.25795104117198
0.33571870157048,-0.7061879222418,0.521354637130325,-1.86182060826035
1.41528621283697,0.318749723313568,0.437770418658802,0.461494825270661
-0.839177484161533,0.944393671027313,-1.88408272775633,1.6590195796026
0.748205798518881,3.13169164678767,-0.507043989365951,4.61709961211861
-0.35557988973014,0.162515379586585,2.03449384638412,-4.7308007132527
2.25305616566859,-0.549559809753545,0.800741484192813,3.18779826641753
-1.30699538827201,-0.166425595447582,-1.0119854073686,0.522678970718446
-1.39954578762516,-1.14152140743247,1.02933282441817,7.58653316651895
1.22096308672777,-0.71991027489702,1.49249300031919,3.07821812343078
1.58254017881782,2.30375949083388,-0.601827665490316,6.43230080281503
-0.00119597982542847,-0.114049669441275,-2.01329364471933,-5.80793600380123
0.927745125983209,0.128093229107304,0.119699998519683,-2.89362396084723
-0.938606182006693,1.07499540831845,1.251205044693,4.02787660656582
0.298227238143665,-0.907314913454305,-0.565531726182625,4.48144015892668
-0.700282459720015,0.955588828655155,-0.0381419965114925,-0.994350195626979
0.520686141151133,-2.03507676203766,1.11123439991229,2.92252270982123
0.386059471761002,0.154080193346036,-1.21562132501668,-0.482667404321705
0.900790211478202,1.11540283718358,0.448334381851566,4.45816960182371
0.190918799707775,1.74462985565053,-0.569862295489666,-0.379289740529864
-0.693326618944267,-1.19363984300936,0.305618259242473,-0.368432311868325
-0.432903204736383,-0.791975039493272,-0.554179031819143,1.3235768109471
-2.05156814753595,0.411243660085532,-0.731045718002472,-1.22047392255542
1.78411460992216,-1.74764331145433,0.122217501197178,0.253554442145526
-0.454162059530173,-0.933870354295873,-0.890901053900375,1.28061283208951
-0.902412612987744,-0.828954640101894,0.381964494517427,3.74090900392136
-0.0820149315261672,2.00178676354769,0.429491945043017,3.54470173833206
2.07317181847744,-0.390642585960131,0.390349656658947,1.47051377052712
1.65173638468897,0.154159694627776,1.01068517645408,2.59821757753394
0.604616207058509,-0.583803658871912,-0.399042637726286,-1.54849110638247
-0.215246430133962,1.07551124550027,-0.325725880244283,-0.0222986260901574
0.66845788379571,0.571247797655498,-0.99495809491865,0.0404359743906131
0.173996049512096,-1.81929448531086,0.742004439111262,2.25632226624918
-1.12593378055137,0.642662895895991,-0.431424157064916,-2.44365038172479
0.318295630768866,-0.366305143929565,-0.221566016493969,-2.98565369254398
-0.041190015346517,0.513242114814884,1.1525147849886,2.00054340100512
0.0322052216969406,-1.20648246596142,1.13639465043292,0.506573014359698
0.063439348490245,0.462675866862683,-1.77104213955582,-3.12296597019467
-0.593029888355945,-1.58568864061543,0.728179890772894,4.00344310358266
1.6575632428238,-0.301376359049621,-1.53630811523333,5.17548727924942
-0.473530122374345,0.241398373510885,-1.80442077951379,2.36401954322912
0.58927488851493,-0.864599663482578,0.637452673506278,0.711561698439982
0.715878293620022,0.36640958309404,0.726968417284654,1.25109971113765
-1.1968288125602,0.16685071986988,0.665085988548084,2.49833959370486
-0.744207811334324,0.929134982494419,-1.22304845359692,-1.61019719729365
1.51034883669423,-0.338624198718443,0.172181649871614,1.25464313526895
1.70762262561315,1.4042790147052,-0.0949855231122935,-2.75048189208133
-0.418808472320387,-0.500201105757912,-0.986188572928508,1.58189846668566
0.0978286450723633,0.0456575150530202,-1.08000961903364,-3.33080297711674
-1.16310332342766,0.0963450685990507,-0.422093774173977,1.19179610930053
0.132628771760839,1.53971557759085,-0.256086687201213,-2.82559816036831
0.0859133136758463,2.10168378205749,1.22470029790261,5.28832868134319
1.4652141468208,0.191940585118427,0.69536282315146,3.39263976073631
-0.350900845303884,-0.581345562409051,-0.889840704766742,5.06881479317974
1.10547051612473,1.60055098861374,0.92028996141583,6.97378617849659
-1.77227189127901,-0.946205360380122,0.717172281725895,3.06833295502839
-0.319031074709072,-1.27676890625916,-1.19965992220922,6.49770491534453
-1.32147799446172,-2.59935597095266,-1.13916460039029,13.7256489564079
-0.445602870054598,0.543298429521727,-0.242478487984115,-0.241230697016437
1.38262537648778,0.703999022718192,0.499659479072472,3.88358834499989
1.35071257011709,1.56993238792314,-0.581707799886281,4.90048857325025
-0.34215662856497,0.259622261707042,-1.28393017851919,-2.34965156406479
0.516635684170771,0.0897210827859482,0.310775140335754,-2.10488684922516
-0.447261924730123,1.8913305591114,-0.605896853568858,1.32839060926808
-0.387419163630947,-0.229644466313648,-0.255517012921692,-1.20548520088937
0.216563503847825,-0.659763004146221,0.0342176483798702,-1.52419155530981
-0.048540401672884,0.621309613749654,-0.225988184912657,-5.98624552550074
0.17956876263847,-1.29154828364618,-0.64037974618531,2.67252960042394
-1.34298373489725,-0.135597843256703,-1.5909268330983,2.41358307791655
0.499835604619081,-0.311319978545315,-0.772362224770961,-0.358609548294506
-0.0433155388937754,-0.333288782742168,-0.830591876303926,-1.26648796725037
-1.36552595965454,-0.287862443024583,1.48862508040837,4.07753299518176
-0.863648345518088,-0.788317702166273,0.292825642911412,-4.22338643926686
-0.52571414073151,0.844682547831388,0.353697452363319,1.17783688511936
0.0603898833712087,1.61860602086052,-0.451348233806062,-2.66529208114697
-0.0726121689951785,1.71717835276826,0.117281514636841,-2.90857553851005
-1.23753420666869,0.0139769042326995,0.78037769318251,-2.59808090529992
0.45999777681281,-1.04693419238887,-0.288564511868814,-2.52425968534587
-0.828480390505419,-0.405545917036819,-1.69936730872727,5.19441089199225
-0.0158419419426617,1.37685877771622,-1.33769605461275,-0.9714923018405
-0.470066547261014,0.682577226335104,-0.300439632078808,-0.0624363044958979
-1.19291428282772,-1.37751738065875,-0.320023890995943,-0.936366441703683
0.0886021249939123,0.693711660710172,-1.12418404234305,0.231713384195808
-0.524418282176034,0.687890403946888,-1.4465218573567,-2.20748679505133
-0.596022698981294,-2.82784973563565,-1.64651712117418,45.3447321775034
-2.59238904496136,-1.81479113570119,-1.27340262859481,7.63514560571847
0.668604576279537,-0.932670084253106,-0.093802155851638,0.409136509160643
-1.5305075407264,1.23662883179188,0.0742334387396721,-2.67087069332695
0.461846801328929,-0.3849178824014,-0.91085000899007,-0.691840646370594
-1.12164941200767,-0.303951339880344,1.23224294350666,-0.144752043420721
0.58335851412845,-0.0471361844658218,-0.0859085078301114,-2.59942777055828
1.22165622637123,1.87186190263019,-0.259130788333813,0.803804089152698
0.482984704748056,-0.718626575401764,0.477486098459485,3.38053471232821
0.278568453579114,-0.179830565385982,0.687522138943316,-0.324610258966837
2.07367142289293,0.893116599245709,-0.932895655276067,3.76855736518997
0.49312459747692,0.0558474501502413,-1.37481407871114,-4.41983232479166
-0.88725863186058,0.920328889373171,1.28215315469831,1.65443805292003
0.502249257191041,-0.335643273871397,-0.875228513846238,0.195767150125709
0.833722046894015,-0.913545224639044,0.644607089987996,0.167019528644998
-1.04030915068059,-0.944446648693516,0.500312665574496,-2.46283433885176
-0.0129454863622928,1.26231096057388,1.72867927168887,2.94998240195307
-0.358586900855535,0.375503148679796,-0.26114434222802,0.433832781805727
-0.86421383062153,1.50271614127382,-1.48338059742896,3.40960595182247
-0.19473093551994,1.75866303574631,-0.558797867528305,2.46387233192638
-0.699569827298926,1.79560079205749,-1.0510491576589,4.2426506097446
0.847349976968593,0.363005249033319,1.13933805788968,0.0881454891135447
-1.2236864835919,1.20237666343924,-1.20646939662574,7.42536239162695
-1.36903809300964,0.805111513447648,-1.20219010667756,-1.11022489886113
-1.56948192078436,-0.0887494502738438,-0.452256511830142,3.96977852745346
-0.0508586014897098,-0.118563837972022,-0.0700960498907091,-9.44188316134508
-0.202034545630611,0.235069075241998,-0.0681227730299689,-7.8178456420477
0.503589186497181,-0.0767125767441081,-0.254394311130759,-5.77771865747374
-1.26790344430921,-0.239100144076198,-1.39895902362622,0.718590833474543
0.468957057361008,-0.556729671534798,0.436767407538441,-1.01785311147709
-0.770228446179379,-0.257417946857767,0.376439893622795,-1.65141239605319
-0.733618997011021,-0.566345555945308,1.613700873842,-0.862169137264506
-0.492224857071319,-1.20393276533946,-0.159845555430398,-0.287263156217094
-0.467571533354605,-1.29326225542604,-1.81048268951282,5.56722856675098
0.52246634014348,0.0984338701582523,-1.56721748580255,1.97790272175653
-0.3003724756549,0.324548955465684,-0.838112804397008,2.40230773314388
0.388455256382139,0.861400448659296,0.622606133825528,1.93840049696656
0.79034504483335,-0.42559319074447,-0.719249813260328,-2.91057176990143
0.646998363231076,-0.516376154478326,-0.398455378872276,-4.78982441952779
1.62267107402109,1.29470065927541,-0.885436075219477,3.44981965973078
0.209303808216879,-0.17890706483021,-0.557632522878096,-4.76132610511885
-0.620555023489064,1.97299167696132,0.094024704649926,-0.465619422412221
-1.08796469016043,1.14517876442679,0.590297573203137,3.79182189362006
-0.149211234022662,1.12476522885755,0.254113090448623,-0.433992106554242
0.61159105402477,0.382907582248711,0.348937240577645,2.29832790596839
-0.0383318519862089,-0.640392472036533,-0.156686861466041,-3.56389307377258
-1.35693472684169,-1.10983552275303,1.03109481549473,1.758633494118
-0.326454316089226,0.375680777182298,-1.15622638100827,-0.985481541363286
-0.1649270809055,1.33027130880717,0.750009616485844,2.65861302898736
-0.271667267861195,-0.232206285833371,-0.554004822261499,-2.12961245656342
1.96581995193557,0.917315146168072,0.557304756560046,2.94467922866364
0.0804755037797771,-0.640481849477503,1.23604710494719,-0.651219588436896
0.147704695586058,0.0691079354463113,0.344025776693224,-2.14223732692812
-1.84894160672685,-0.307013898325022,0.0976047034835239,-2.55349555031269
-1.05914004621355,-0.464961606086465,0.600981543751834,5.01582596982386
0.681948352118567,-0.198444939738841,-0.404376073737668,-4.51463550615713
-0.128769769220228,-0.690490607906293,-1.46495045854942,3.62259901639184
0.0548250375023671,-0.375988516352063,-2.94207334722741,1.7821693990182
-0.0492745085925708,-0.873516270429303,0.750989340649366,-2.09514238066246
1.08098866048422,1.26948149844885,-0.0424423786505891,-3.06108019194076
0.406793336980792,1.21611032430323,1.36714285770676,5.1734895708999
0.708011691060415,-0.462316500332381,0.339992903864814,-0.87276793334748
-0.602786087541244,0.314247744181581,0.0518538272396116,-0.987661534123571
-0.133754785769356,1.11366264350432,1.11723807470219,3.23279855313224
0.663463696211507,0.28685778171683,-1.45481622770099,-1.5411397809712
-0.497843098206601,-0.195467266633052,1.19216976816539,-0.208159579305058
-0.0933896239191547,0.0992040261694215,-1.37428093964605,-7.3437714453221
0.652622141071055,-0.0801909561109565,-1.41211191219123,0.975197181210397
0.0222096554392108,0.0126349910138721,1.32317479722336,-5.34203020147656
-0.630996988096522,0.11427485130588,-0.413762346333145,-1.18640298446236
-0.407511497064757,-2.24049099932039,-1.08271383668121,8.37302843476812
-0.574505572459285,2.30368301478362,-0.205199369974532,-0.294860933695941
-0.798220652436218,0.126119252250639,-0.16269178271795,-2.96089034168987
1.45479825484131,-0.216254337408701,1.21131547094721,2.54841338368935
0.530327463377207,0.907378875443613,0.535478180593883,4.60616892894184
-0.785878021168027,-0.63593863960984,-0.21920350840281,1.28796665824214
-0.547555901073629,0.943653131006418,1.1901131717237,0.385003916160799
-1.71010272870538,0.48377915019504,0.065897694563859,0.190318879097584
0.807546130107922,1.78949939809072,1.214773981084,10.9447151558383
-0.715912387472814,0.266103170227925,0.197753224119367,-0.608023969714373
-0.0245006021602245,-0.74974762992387,0.286890700801392,-2.2419401579721
2.48974940389113,0.792321215474915,1.32803203356339,9.65036909662764
0.195340803085545,0.171793673362544,0.0909123007283548,-5.56148514764651
-1.37387091480063,0.682560474608395,0.234291963655866,-1.66013415824024
2.13192440047971,-0.322153472359555,0.752847337005771,4.49745117850873
0.535565564443157,1.64764777396357,-1.68437518008202,2.01070844766897
-0.460358396543219,-0.894449107157703,-0.68463235171667,0.337310145152948
0.145559380395255,1.03426701486849,-0.771990192557976,-2.16966234832606
2.61038339977038,-0.85306340731548,-0.264614306506499,0.951015541725952
1.9186872627089,-0.00794535457272977,0.811440634164988,0.691867585029288
-0.491040602348032,-0.477421571551551,-0.392298450455326,-0.245493922072849
3.03172917523634,1.64142730288522,1.0768565000648,7.0104802132887
-0.517176053012411,0.604751318723169,0.422249949017151,1.47250334838569
-2.24472860867668,-0.0723986357746735,-0.165239452524489,0.500533523223488
-0.240285450821205,-1.13979644257921,-0.30720018727889,0.0731765889688077
-0.000727652571780741,1.94741895010757,0.249443760260213,-1.93568940289225
-0.727067572734772,-0.075464873747023,-0.0245375466339187,-3.86849873847549
-1.12890379925885,1.71847973553087,1.57332720219205,8.81617916262494
-0.150738658107745,-0.0701466638704551,-1.09788026274821,-1.34605067692395
2.16219076541594,-0.985231728138393,-0.123725347400229,1.53479358264558
-0.0747087139995593,0.877411895783885,-1.37173307224793,-4.88675670079797
0.0651615768644961,1.99645572184726,1.21545496987928,5.47377013916392
0.0903419204721119,1.71871980637508,0.871342696984862,1.97916813030131
0.567966080674926,-0.333565318474929,-0.871825420279706,-0.0560194272734613
0.423758199918948,-1.3079790655771,0.890609769399624,1.48169084068387
-0.0906796414605317,-0.585676439741451,-2.28257496561335,-0.908919115689823
-1.15499607187408,1.55300768415661,1.30465609900077,6.00108068364049
-1.04699051870484,0.137499542306408,0.2308208561214,-3.20891347643946
-0.282229021224138,0.838424685082445,-0.563848127868558,-2.2151203138017
-1.75516094942053,-0.704907141336201,0.993927500511669,2.64212595219018
0.728739086523449,1.10915571373225,1.15178439532478,4.12949730009393
0.489171938158408,0.415377355745505,-0.6379333267914,-1.7595171886452
2.14798266185769,-0.933861821649702,1.45577579903316,6.95969652619381
-0.669396375769555,0.0193259113177195,-2.23340472292726,-0.17246736748478
-0.461296535552543,-0.50004175717669,-1.30260303400962,-0.237090485680836
0.305356636696698,-1.09061736969511,-0.427095935352672,0.507082109210331
0.0233204129542981,-0.480963392154382,-0.870876387999645,-7.08255745544962
0.00216410072193129,2.15481281598329,-0.117970308682051,-2.39711535951394
-0.550470434275521,-0.527371941223361,0.490385500475915,-1.01084503776148
1.71658078230621,0.0929002092176252,0.129220420132905,-4.58177647659173
-1.0226638819776,0.471713028204564,1.56526414109253,4.88397309635117
-0.943018836929207,-0.641398057379767,0.395081430807326,4.06382751390115
0.459934748045794,2.06359220917552,-0.18982113267699,0.467335263435049
-0.746477578893951,-0.705602494594868,0.145223679876504,0.257048988676273
-1.78353621409784,-0.217418087740581,0.366553281068012,1.12740288427063
0.59499692182892,0.0412881611735067,0.570483857292126,-5.52319639957321
-0.768068189125798,1.45063104974732,-1.81658873846318,3.06098211356667
0.0306425884860767,-0.691080432999807,2.1470801504493,-0.0729955298639552
1.00105337303537,-0.960660333952667,0.898589470593694,0.541480619659009
-0.0415320183740749,0.959910771500256,0.187772425210757,-1.69212303729825
-0.0981024383517143,0.776698603893752,0.235178091273353,0.157454083809422
-0.291255478413294,-1.76184679805466,-0.479006535793315,-0.674081763564873
0.0845325188387407,-0.705113575412073,0.728207935035947,-0.197874365433762
-0.211437923209135,-1.59507598351634,-1.27920016921686,3.29938388151699
-1.43577599163519,-0.287349101079822,-0.730359525803025,1.03471431849761
0.0214212656912855,2.02424351510724,-0.0154043757729749,-5.90609234393252
1.43102950426774,-0.395195229285151,0.249744439107106,3.32027305443697
-0.294461453511256,-0.54799581936446,1.07431962706436,-0.183641451475663
1.22234462029715,-0.559075023579199,-0.872548647535719,3.777914408455
1.27211484718128,0.589580962443789,-0.884515391101374,-1.16352144079893
-0.949798084914524,0.454844759266656,0.443797446271,1.28328398011087
-1.24879132417643,2.06419754301583,0.255183733488601,3.56102864738612
0.654745665224086,-0.653393987645888,1.16714888503756,-0.384963619620053
2.48589840225733,0.895676063262949,-1.69407863580757,2.6756498851752
-0.0770496660375525,-0.565591822618918,-0.913282121578582,-4.24863357540716
-0.617406931446471,1.56211801150555,1.28094442588174,5.70072115253194
-0.803259921563809,0.113885579671698,1.18114731308667,-2.19939177098974
1.21440349211584,-0.262442252708882,-0.363503128896655,0.212266517153047
0.510027499376901,-0.359783240806427,-0.663505107267024,-2.18913533741217
0.249065903212769,-0.778497177315223,0.0248768006361949,-4.57945672376701
-0.934118940644599,-1.6513476956751,-0.653184259450521,3.02938676341618
-0.910045220468676,0.338119665023352,0.800083737431222,5.19245877863219
0.213138783067679,1.47804570051365,-1.55384803151588,0.0380065347137024
-0.056122882944147,-0.0130713346817204,-0.136350400030834,-7.98598847179934
-1.01516288365175,0.0786108405633338,-0.830027752063485,-4.70445722089534
0.398695314384737,-0.789247726350193,0.561992247583638,-4.26559828014196
0.126024424907515,-1.14070055336724,0.365876314175535,-2.5683835499398
2.04100444896121,-1.35809928312815,2.05156139521008,3.75806411829958
-0.996968124886881,1.55257554891953,-1.61390769389519,3.07826572710372
-1.59650687421349,1.15670055905266,0.234113630669868,1.75036096672505
0.820817921090951,1.00108993577302,-0.404687498348902,-0.00365440764029368
-1.42330480591853,0.143187101005822,0.0919460854892645,0.498665883885935
1.50843949557911,-0.1494806493907,-0.712043938663973,2.77515283448872
-0.238570446916554,-0.7575109296381,-0.686377260530378,-1.40963240888075
-1.29304570923961,0.358112621974735,-0.409540777803909,-3.74096900330773
0.763076681971692,-1.28846173402987,1.09016771844316,-0.45076528605797
-2.58356143996483,0.2857943257494,0.303148278922802,0.577971624288107
-0.292292701500993,0.638158097624564,-0.486455675973323,2.22219767531681
0.354943348792631,1.11114642893912,-0.291037699520722,1.02832667451841
-1.02636471976546,0.159059164700274,0.022915897586843,-1.64279983850102
1.2777733752292,-0.621066329961646,-1.74972558270157,2.84710049851858
-0.425464779030925,-0.730790605328975,-0.318109847250468,-2.17869300560315
-0.625694301834285,-0.180508482646469,0.222810279104548,0.829583004965712
-0.621911321091135,0.886661874825373,-0.404728046255292,-0.226987437050624
0.756003002877573,0.029070509753911,0.650568121452388,0.275259819893642
0.655733082010774,1.09303221078758,-0.556484302936714,0.987218959508519
-2.27269232618788,0.951842043408522,-0.304561760570322,1.593596763318
0.15710183123205,0.53054611318403,0.531541005807911,0.781629735925853
0.0115838696795267,-0.688621031497864,1.19241988866371,1.20559755104075
-0.579961638168593,-0.233587261741064,-0.352290410040748,1.07330322300132
1.19470464857717,1.62866004010925,1.5684333699923,11.5422064175745
0.0670426238162818,-0.636414215793278,-0.200846646030304,-2.28670263243049
-0.673901219821588,-0.751041587424632,0.770822858944199,1.45161166996875
-0.945496511318438,-1.87895449446568,0.55109485136981,5.46663970973477
-0.104447999169385,2.02742236092603,-0.899500434141839,1.88790921196406
-1.09800544922158,-0.0782658826316234,0.130473475062528,-4.61067337931306
1.4981648892873,0.841964755866545,-0.897703854284665,3.31444459461527
1.279754226985,2.07245006271998,-0.398890742881249,3.61381698586
-1.43178716195533,0.600519014820452,0.462090726287003,-2.13482688084033
-0.153135224648932,1.82641059452512,0.169708057353867,-1.04929901341203
-0.694168965448935,-0.073754092226668,0.855672022508169,2.40759443810904
0.488778193646497,-0.203035445288208,-2.43488439783277,4.36000899318322
-0.777225246968704,0.025780928432999,0.964832224124774,-0.300464376724503
-0.946379828045792,0.661363604181019,-0.622029020841183,3.47301839374464
1.31028565501692,1.25060362483202,0.284480122382275,4.87230908191728
0.409891578055558,-0.757506127942513,0.306473247051106,-4.5464115546597
1.35767658253678,-0.0621867641332703,0.636805913179171,0.836472389836552
0.868018452408666,-0.465820756601325,2.10778215601796,4.39256600815871
-1.56583553294597,-0.967298165253053,-0.201497216954007,0.872680809220472
2.19765331991291,1.15589673542016,-0.317304515862584,3.21927617799326
-1.30857557484914,-1.17714440827525,1.23287387897619,3.69538918907765
0.30786291957266,0.826724050669323,-0.564268299824289,1.40631701938922
2.83709152587046,0.00830003252714683,-1.05646125358651,-0.632803513584213
0.814857598774699,0.520874451489668,-0.228252409140034,0.0296510368313915
-1.5040461761857,-0.186722896798549,0.697009114078622,3.11145899024669
1.08769001385964,-0.0151262326180842,0.105233708830752,-6.2582715963264
-2.1915238937927,0.221235459051154,1.55803098349123,5.11434661875156
-0.514815514973429,0.347137062876149,0.0784466668829351,-1.50316116377775
0.32796294719462,1.34848229097951,0.546759432278528,0.606016571298811
-1.64293792642963,-0.248071141118308,-1.80426482555924,2.15771020810938
-0.65156035504953,-1.23390326617509,-0.64863817706971,-0.745911499525642
-1.91230011136478,-0.710836288895166,0.0427252733572847,1.35153064142047
-0.444021107534388,1.14865381734184,-1.27835814709638,1.86422209772564
0.351942816841889,-1.14639630532999,-0.193573289456595,-3.87629694127816
-0.79733254835114,-0.0125702282636416,-1.627025600257,0.375673310400985
-0.226735193825541,-0.11908208733773,-1.22427842540865,-6.76795947383947
0.347352656571021,-1.75568255545904,-0.493845455676597,4.62166540297854
-0.670151690922132,-0.335539502655987,-1.08561705815743,-0.998003008658317
0.251649060525382,0.663576518029261,-0.0245141366045821,-3.87594190483477
1.10702943530056,-0.75232887694987,0.329021014411636,-2.35370792202314
0.837831757125939,-0.242400926666403,0.560877615785504,2.88159314929901
-1.10479503864571,-1.71970353656058,0.683240708756987,2.70885679911434
1.32413954509494,-0.128045244729193,-0.656552609614826,3.11797699432454
-1.05137717409042,-0.058884636619652,0.0862431724564786,-1.14372515472108
0.556964638530083,-1.37145991760219,-0.630187531982753,-0.174878955759359
-1.3386989705633,-1.52002912919885,0.338160901680858,5.09344967500165
1.65789476122452,-1.13067788438398,-0.108689993244423,0.575792662383845
-0.0527649734961201,-1.8791908761028,0.284224002868116,-1.96412752903039
-0.0290433204744413,0.20226185141185,0.37835013395324,-2.0183758770504
0.519283673068028,-0.0623025312409793,0.810525287706164,-0.544565274638569
-1.55940752816932,-0.800000170196879,0.192516005620683,-0.0183685335466149
0.741209646411347,2.5168556553762,0.645501780396599,7.92508172038751
-0.0303598526204701,0.67162803299154,-0.444016361709878,-2.8208029314458
-0.70136414906094,-0.324476970446108,-0.37230714811631,-2.28319939584886
-0.199530645094304,0.69324664488703,0.899071355766092,2.09856856581628
1.03167222158414,-0.113063463573441,-1.21765868592308,-1.10144308845549
1.278974151104,-0.642172362301581,-1.05003285011394,-0.207995378161743
0.57998672995598,1.19893788893687,-1.8263087078289,2.03671838127587
-0.885688299338767,0.994194592441206,-0.325514074596555,4.42360075333052
0.832983805426129,-2.54082115909075e-05,-0.58779201449565,-10.9798742636219
1.08709685771836,0.143597386765971,-0.270472035494558,-1.36120518279998
0.348423925123886,0.351995145522264,-1.5121719793814,2.36814004048707
-1.65571993827765,-0.247092607255617,0.205628653556475,-1.265583533846
0.378283480650205,-1.68849115055881,-1.32200162545446,7.0793567129112
-0.039458739497325,-0.3044475109737,0.133758541607246,-4.49821599445534
-0.269177730338372,-1.52562967111849,0.826169041995605,2.71986471218502
0.458870236065027,-0.238566498264533,-0.454676962093715,-0.775230517768067
-0.359157385591359,-0.389372563132523,1.80901732752955,0.0194267714793004
-1.69815251374899,-0.56028900424322,-1.69693249303286,4.48849298813911
1.14081459395248,0.284066061492597,-0.975396574826273,-1.1218623142168
-1.06660045301317,1.50502091186224,0.311454804093605,0.140328486561072
-0.579298677098381,0.00261346525899482,-0.771792044689406,-4.25007771531873
0.22233202824587,-0.0879347821019136,-0.977357581258251,-6.00092534443248
0.563069598095882,-1.25994079487138,0.819407137341339,3.08224149194415
-0.194110733581904,0.771082227975322,-0.714828221792322,-1.23925413601277
0.411096054077719,0.0450995465556142,-0.144122296248659,-2.59513961956787
0.894670415762066,-1.29206446105862,-0.0332193755179174,-2.56334709504723
-1.34669843155771,0.809292156958956,1.93235532120363,1.12843811578313
-1.04073935918368,1.46453730499222,0.959991384564646,3.92130402550844
-0.774677795598026,-1.720252272297,-0.558063372878305,3.63152526676231
0.0738268625523471,-0.9524946616494,2.2309352175137,0.319428700830183
0.228524446864377,0.644799185600256,-0.417517216799844,1.99342471748259
-0.0883354499963419,0.344203651535536,1.09720460910922,-2.98612493789388
0.199104336451115,-1.51190141854761,1.61892900169963,0.973909245339456
1.21882431506159,0.261439666663684,0.434781661163963,-0.754211310629342
0.804681046460935,0.186730692869428,-0.534635797938294,-1.0402201688392
-0.288733220642993,0.353741903847468,0.361682159383283,-0.543557373074304
1.58687229520772,0.550581927627251,0.955535457807795,2.87942861891459
1.02353536355987,-0.75372451569637,-1.28857356668384,0.37626422227828
1.56525523802893,0.0804841940806599,1.34063372688742,4.37992188432917
0.740580942581979,-1.31456001760267,-0.916262368486828,2.1733610745775
-2.51257820488739,2.56899272369434,1.67485507923296,36.8719630644245
-1.21432013058072,1.44745827377402,-0.224456347470502,3.17781935574034
-0.200293784048957,0.615383608452249,-1.06760154267005,1.86078527395966
0.509941908297215,1.75604661288584,0.541405079575529,0.0353889400403538
0.266242184980128,-0.570301131019545,-1.09939472857503,0.200541679307979
-0.844904920159841,-1.21572705596334,-1.03008722336246,-0.31236486267415
1.35128040101088,-0.258800638043612,-0.424445903187788,0.163964653097698
0.143222811316043,1.02335620634454,-0.363684790807232,0.629547271400419
-1.14150214712852,-1.08701085320585,-1.1681093641313,1.36595438023198
0.438364053270526,1.24720023163963,0.0416833973172024,-2.04420697181504
1.03562452175828,-0.394315539173863,-1.4225382820628,3.74747337522567
-0.34054508480208,0.489591497439878,1.077490671433,2.86287782730173
-0.211561427607109,0.624842817684196,0.725714526287802,-4.14668901518424
-0.101441967230868,0.997583500475314,0.177719819565776,-4.15778046467111
-1.43829731268119,-0.503883914440255,0.095335746302044,-5.71198813109986
0.271151595544541,1.47067927490109,1.05952237288399,5.85620415394142
0.00942378395623953,0.0220453368815213,0.255189205585545,-1.43626960264642
-0.592734473586917,0.105931097805604,1.30314695577994,-3.36736468975216
1.21344873958014,-1.96819293421272,-0.427766745518372,2.62344429597956
-0.72175044418604,1.36524758123756,0.199235479361722,3.78353678848598
-0.231568178513569,-1.08882082065616,-0.511396772978889,0.486747044066633
-0.205290032024306,2.42366333015888,-0.568998779155569,2.68940747642133
-0.708881326995768,0.363901228433756,0.38046305909462,-0.396627410418823
0.152679283847374,-0.6876475278977,-1.78214299258332,1.30635797881057
0.252753179384498,-1.06388107372614,-0.709696534604806,2.23895331101979
-0.139797924865481,0.403274045596211,-0.754450159501317,-1.73620731551795
0.0822332056030068,-0.0794139377290334,0.734403198009588,-1.60750186141139
-1.72599500106199,0.264242103395948,-0.393992822389148,-5.74634441187483
0.64829699534387,-0.83908416620725,-1.41231229126544,2.45123043686315
-1.0673003287284,1.77855492311064,-0.256467994053283,3.45339376472333
-0.305641994618357,-1.01660395698033,0.675928385206386,-1.0451327994169
-0.920348288227034,2.48248739826511,0.873105625599671,4.92225253540748
-0.347660711724901,1.09867862636453,0.438484142622562,-2.5392129813935
1.1406205903836,0.842624045533584,-2.16909080988647,2.37036650490314
0.732540850784614,-1.7375753881198,-1.75765397249308,8.96952064724093
-0.576102158216126,0.890325349931563,0.74730676001053,-0.339236552260131
2.0625685235961,1.50892724701361,0.356547208072312,3.55323192820747
0.290015605518663,-0.269120974054444,1.35943802953964,-2.03597912537469
-0.581293779361839,1.29202291720974,-1.19883447693643,0.86973969193034
-0.741147576763985,0.615706026688304,-1.54061142475726,-3.18885930956048
0.832053123682995,-0.0651854938494552,-0.866654305366393,0.550696865585486
-0.0223640262081282,0.0398665564586394,1.07680414307912,-5.26314229496557
0.807842592884163,-1.39239172144885,0.272301156957122,2.62623539193777
1.93329635784764,0.458201221700623,0.99922118747152,5.32238743227468
-0.125553028925556,0.820908564855255,0.740824810991753,2.02558636012358
-0.220604783249395,0.365579685104074,1.14849286859105,0.121049175184499
1.02525848297901,1.70116953524448,1.40495797684961,10.3279395566279
-0.6947708486334,1.01164668153034,-2.71816403238264,-0.933840173913616
-0.412012189836291,1.01389924926946,0.823242258916425,-0.556925625150844
0.925671559888249,0.64252805776598,-0.0501195532357625,-3.51501792996656
-0.385708529464472,-1.44630958922314,0.485258600702178,-0.0246690879784581
1.67399754007023,-0.532794961332097,-0.129187371829579,0.991487097992523
-0.444390935343647,-0.228967948001006,0.0478227563260797,-3.89332267412574
-0.532333997857154,-1.7243412789401,1.29209921528427,0.906751160805329
1.86170945476778,0.507764013663645,-0.177576192463908,1.26205483199162
-0.360360769364194,-0.73920380196395,-0.0774059211328337,-4.02284119291409
-0.163155039505687,0.38391024960362,2.86850547888205,2.54589297311994
-0.856493737812742,-0.481132186191173,-0.784746881591181,4.64071650437222
0.980924666270413,0.416412036088359,-1.22642212048225,-1.2866346794784
0.727578422125447,2.35934264677927,0.066385967686089,-0.809654896945252
-0.156609974277329,1.54903602226608,-0.0516705340756372,-1.39341994750479
-0.153006146420064,0.727365965546622,1.10418427275084,1.76780033653705
0.785302448034359,-1.25490728410281,0.256614564639474,3.85824226483604
1.36388663967857,-0.659995534020725,0.263197187913327,-0.257692526259467
0.186383003423295,0.655560000208366,1.04524399586276,4.16730525119032
1.55977802548782,0.575647130839195,1.91306196283855,3.89035206356616
-1.34484250781263,1.10777103792853,-0.649639647821677,1.50259381866198
0.122663007051302,0.230485663206832,-1.05478801248762,-2.18641835549125
-1.11683416397276,-0.499180411380117,0.616509134169523,0.0100911763425873
-0.179181915655379,-0.782197444581709,0.200807592220282,-3.69332221282031
-2.09761137288998,1.75943709740151,-0.0457062150834844,-0.429162030149391
-1.37644161793384,0.0279591576703206,1.14863503900525,-2.30545785701907
-1.73882223514256,-0.394387601740869,0.490972165860027,0.709164794745054
1.89431405283395,-0.427414888210646,1.80872807227081,3.55806883267006
-0.200438568665933,-0.774155631639619,-1.15952033972374,2.88827271438335
1.61035214719322,-0.188275116075727,0.286291102967161,-0.685712445669149
-0.745532615392532,1.03611124307367,-0.0776213473798619,-0.681337711298164
1.0891699378721,0.962499730670539,0.311296973736994,0.748591727659631
0.685101059331874,-0.0278452356089808,0.375878552555033,-3.83060986726283
0.75566466660848,-1.09106099751512,-1.13691506796653,1.15377982649951
-0.569605708842491,-0.217146024562406,0.592950305387846,-3.3303972085641
-0.225189620069273,0.588162328629714,0.530808339111996,-1.87978631696868
0.652114634970717,1.99225950426688,0.296624232237849,2.43161945672279
0.866916793925525,0.0124432949679016,1.6575965554567,-2.73944463286898
0.938667602598115,-0.646185378322297,-0.614916317654645,-2.98171943376736
-0.174949560418571,-1.02324780509368,-0.685642483804177,-4.82221849859007
0.677849603345268,0.590000143918582,-2.42727194025292,1.87257340398815
0.839950108835779,1.42601205468319,-0.813996112125709,0.0771551877663397
0.118598376524989,-0.675291311549534,-0.456234224773707,-1.0988981702291
0.69307669954837,-0.971699038339435,0.0995558814162584,-0.0691654427541991
0.469587867705437,1.85128156090917,-1.06433813306931,3.5341202801843
1.36664903087321,-1.56416546232459,-1.55197012704392,5.81572518872063
-0.0465744838770512,0.65906268739871,-1.16279370674652,1.04862349865685
-2.06075295365303,0.447409616424835,-0.421094319220046,0.465566319787093
-0.0902417819478833,-0.16903894667578,1.85027415086549,-1.89292397014526
-0.618883132122999,0.584115936749726,0.773409017244951,3.04351313716413
0.399766509189367,0.180622837810277,2.21419938681977,1.94445473700243
0.941988781519938,-0.696046389267422,-0.323053427842997,-1.81229920687529
0.0421439559423432,0.535424219908691,-0.246574180272569,-5.20099598414041
1.8922697877716,0.984854644674909,-1.3174888651287,4.91835082048699
1.58617993403386,1.40806041018669,-0.649042336764928,4.56082688745687
-1.25881532573113,0.70707693661795,-1.17407581062668,2.53031394046604
-0.135452710505324,1.98773838765201,-0.435462753448785,-2.07856305200213
-1.32948979984852,1.13916003690446,-0.724001555512523,1.56309377056054
0.935968591909674,-0.750728124795968,1.04589430155067,2.58410603474191
-0.578656761696592,0.734500291289769,0.705209128688628,4.35008206266059
0.660259901169525,0.774235844217438,-0.569929178803821,2.07106682536775
0.327799350574029,0.929254311897544,-1.02178159394184,0.199564807070439
-3.01171864300468,-0.87129040278561,0.192882559983229,0.684525663330304
0.833666755243295,-0.487767366644224,0.716760687891702,2.42379069600134
0.825725284880274,0.961912127705748,-0.438110424920868,-0.738127688634879
-0.242368853743801,0.758932493624193,1.92741678288897,3.9154200183421
0.0116876391419583,1.32703377869663,2.23353797085981,5.0616542221943
0.192763485935461,-0.646937151483623,0.515058159866328,0.762222537198399
-0.997554424433282,-0.277752730803067,0.200093415661552,0.0136876089709442
0.633033579256657,-1.45868804803018,-0.106308747619508,-3.89354593488312
1.13494526606038,-1.03716691844808,-0.259655587310477,-0.7316255240566
0.863074061333771,0.554956370397303,-0.172126985626666,1.04099280371007
-1.56178320902736,-0.195263539993384,0.0232616033816487,-1.00821845348471
-1.28844514626411,0.598087800621202,-1.47417051672109,2.61092789999148
-0.96486811493068,-1.09671308210969,-0.625257346297375,1.28631595524694
0.225586960808972,1.92534770565408,0.399285964419345,0.999636686048984
1.80324423268514,0.224846627641989,-0.663290756762013,2.45837848853051
0.00382918598674262,2.03083899801935,0.372122374964052,-1.43011739444592
1.48156578148885,-0.267808569756389,-0.773140246961059,-0.440953389385886
-1.4773280252173,0.586417605424433,-0.059630277038736,-5.42494469715075
-0.765779929239105,-0.946898706845673,-0.651859473893384,0.41803849123084
-0.52336192532057,-1.10468363749958,1.00826867443055,3.06393411404455
0.252788190856713,-0.300836657125188,1.03547738700472,-1.64989714786896
-0.0294766839192031,-0.290453533339837,1.18135825616897,-3.40678925405498
0.379980038302546,0.165472121689963,-1.80904421122574,-3.64705240972771
-1.47018979039406,-0.446111005366695,0.0625345865709349,-3.70265944822141
0.156357495086418,-1.12750043162992,-0.732367534648376,-2.49564910954091
2.65533703600439,-1.8565012919909,0.706398822658592,5.71884482859087
1.25132629538883,0.573425690525437,0.34937210612993,-0.813136961617408
-0.992063289239485,0.525842895973319,-1.15237604024333,2.74463829100138
-0.306492730735296,0.558760463544092,2.11301706926064,0.723749876832503
-0.597362240052824,-1.51412806563024,0.395202341852841,-0.0355642229503257
-0.400260975160842,0.147040192191827,0.732826236311542,-4.61227405453706
-0.701207947320239,1.23421687663363,-1.84928960702573,1.90806400389859
0.897816138196894,-0.368040011582367,1.80197778719289,1.93737230052716
-0.557275934635125,0.613882898249151,0.720135760529785,2.2341179115066
0.684007774664745,0.374677744536882,0.528758247112707,0.572457121649879
0.113217907576871,-0.0687282490831367,0.15358660274757,-8.45328102730956
0.981703612468594,0.258733510790418,-1.37029248717646,-2.04016642535924
-0.562760558045675,-1.40378951310431,-0.126278020298364,-0.550819714938908
0.64780558014495,-0.408740827600615,0.985306493946967,-1.56365720456892
0.914374370942944,0.876524191773765,-0.849508288395491,-1.46322577913288
-0.58771543291038,0.178097007173708,-0.609232381107139,-2.13679988619174
0.573932216783431,-0.0121341881343111,1.8722545516403,1.18879871829803
0.37977103384448,0.0490849241647679,-1.23540634528506,-0.0316210460774662
0.099269781128719,0.195362752998579,1.82124504078593,-1.7785891252206
-0.900578552506912,-1.22463749847661,0.166394979817168,0.873772830729573
-1.28581445704279,-0.621523093687702,0.353240899369132,0.382270969699321
-0.0370862470935509,-0.656129378015966,0.978753978040097,-2.10055977368868
-0.990320179548496,-0.924842330981258,0.126974880590408,-1.66662151183133
0.100378795379103,-0.213531824529974,0.989556138526799,-0.668714465610108
-1.12620593821778,-0.361143876375097,-0.586973755762009,1.50831845657207
0.338010625859443,0.0221711314843818,0.306192042794874,-0.371028710369999
0.773124583586983,-0.717430433094004,1.04193226335712,-1.25434996329684
1.33028725220037,0.273492107534498,1.45784960642644,3.28934778616371
-1.03273630371225,-1.75558727917878,0.353391587357947,0.706005403138264
-1.46620087981844,0.579870511135827,0.284592019600357,1.95161611036985
-0.788461617427824,0.284027593076778,-0.624741364369545,-1.3117622306942
-0.60306375971764,-0.402399256519839,-0.65520745229761,2.2336972024758
-0.319127258798383,0.775683610638028,0.415102937083626,-1.14163789791667
-1.8084883763943,0.0428470451041698,0.21345652558861,-5.02640513679788
0.171144561794859,1.09487906430311,-0.479892007033851,-0.833903592648115
-0.665527837308245,0.106248470677264,-0.747768301100887,-4.81707166948619
0.157851028024415,-0.796052701177202,1.47063928104631,0.107036510102826
-1.07279613230197,0.356933463267252,2.78368480325299,3.78034391927146
-0.582551584531469,-0.500343346747467,-0.257546517402081,-3.24659640717558
-1.49412527643193,-0.317771283436795,-0.999253942006656,2.13661008478611
-1.03342885250196,0.171664306328624,-1.41746733640956,3.04891942094118
-0.494132000196809,-0.186632468349445,-0.0284206689706427,-3.70174959682735
0.660298822747287,1.59615685085639,-1.98958473953756,0.980759981276054
0.395649265156503,0.68257010130653,0.0797071274079683,-3.00687925791889
0.709853935837386,-0.249582828360499,1.99368451758932,3.48937061105675
-0.543572508629661,0.738536606420789,1.58183416736403,3.24632414419035
-0.655716376869328,-0.520921311352542,-1.00890568001167,1.57198733124025
0.225377177786321,0.862119727404055,-0.658050905538241,0.959493199278595
1.04310175260932,-1.03114585467994,-0.47809714570539,2.6340013918299
-0.343209749146707,0.714375313128612,-0.807032247730922,-0.423955937066704
-0.130664861680261,-3.51065593766113,1.08857203545046,6.89276952000189
0.543270457159036,0.799495119352215,-0.65198835068792,0.36213752533981
1.37209710475201,0.690938983531277,1.81425762209944,1.73729655116498
-1.51112682417349,-0.403807933554922,1.06434672835917,4.00019904707942
1.78919695092697,1.53231368082573,-1.11897403501595,6.94298996323929
-0.0402014536096744,0.297988520721736,-0.384571777515959,-5.06285631397502
0.544359217169325,-2.27585756042408,-2.33082033382529,84.1424241660086
0.15392761469001,1.64111393646901,-0.226147574083261,-2.59779300104542
-0.964713677035633,-0.690393045138941,0.0740584449372531,0.271695173252989
-0.304826929564795,-0.54685735648727,-0.86144552696898,-1.18438808312149
